,TxHash,BlockHeight,TimeStamp,From,To,Value,ContractAddress,Input,isError
0,0x1bfc48d687b1fec70892fbf1d9fc94f210d36bd49f8be3bee30832f162aa9125,5099173,1518762821,0x92e86ffae14908445150283740e263fc97d529c5,0xc219a548bfede9138469ef277730e107a6ed8976,0.4,NULL,0x,0
1,0x18ac4e4c8dc675a4cdc610c6b768c47a90572e9acff790abfc7aa46b9eaf95d0,5099421,1518766581,0xc58d0244518ce077fa7a098b420c86192d87c4c5,0xc219a548bfede9138469ef277730e107a6ed8976,0.4,NULL,0x,0
2,0xfae3d62c6d07420947fc082e34752a84a1b95bc45f0be483fa96f97b3ff14330,5100050,1518775482,0x92d9f866806fe29db2416e25ef3e36841e87ee10,0xc219a548bfede9138469ef277730e107a6ed8976,0.4,NULL,0x,0
3,0xed02500542749ae8af8cee8c77f02e1a7ce5091a1304152ff86a0505e9c7ff24,5100656,1518784472,0x14f85e61e0f54b445852d51373fc1e6bb028c971,0xc219a548bfede9138469ef277730e107a6ed8976,0.4,NULL,0x,0
4,0x2671dbf601082fe0866853928b20d476fc9e1f7952c629fc415edfcade9d099e,5100657,1518784489,0x53fa275191b55370dbd989627baef583ce6a80a0,0xc219a548bfede9138469ef277730e107a6ed8976,0.4,NULL,0x,0
5,0xb4c96704f5cbb361f0625f4eaf88d7c4dbe0d6825b2653fc2f84ca48ff63e9de,5100674,1518784824,0x2aca78cd255426d31311f740c098f7c03a0228c6,0xc219a548bfede9138469ef277730e107a6ed8976,0.4,NULL,0x,0
6,0x637ffcda55b3f06f19e46d2261e7b92d196503013a8c58a2238c5cfcbdf21da6,5100681,1518784907,0x505f393b5ac345578b686c9a1e2dfb7601660d8f,0xc219a548bfede9138469ef277730e107a6ed8976,0.1686772,NULL,0x,0
7,0xf8e31c904d7ea627f35fa25ce2dc5c64a1da91328f305587f855828130fdfc36,5100718,1518785503,0x7d1be051d3a7e8f2b5dbf643a8077776386e9c37,0xc219a548bfede9138469ef277730e107a6ed8976,0.4,NULL,0x,0
8,0x4842915685cd45b611b452ffd8db6d6ebdcc6e5617a256437c2b32fda016f155,5100760,1518786032,0xf56b69c74618cfc305e870c0bddf02583b751b75,0xc219a548bfede9138469ef277730e107a6ed8976,0.4,NULL,0x,0
9,0x2cf5f114617db678b99f447754852e1050b542414ce0da9f46294e3a73112849,5100768,1518786152,0xdb35a5e778fac9e8d82e6930da1d7dff8d082442,0xc219a548bfede9138469ef277730e107a6ed8976,0.4,NULL,0x,0
10,0x508a3d196a89617e476fde3e5f7d01cffe4c2c934ac344e18399e1be348c05b4,5100795,1518786530,0x234e99745779520e888d1efdd8c16c3b2607c095,0xc219a548bfede9138469ef277730e107a6ed8976,0.4,NULL,0x,0
11,0xc32b879036a3394e96789ac088dca9216a6652ffe81ff332a48db82d10b9f364,5100814,1518786732,0x5863286d59325b3c2ebecdd715f8295019a9caf8,0xc219a548bfede9138469ef277730e107a6ed8976,0.4,NULL,0x,0
12,0xa3d6838c05141d3b6282077da3b50b077c64cb11f86e2e707518fddfaad0f39c,5100885,1518787597,0x8a8aedea71568750e00c33c7e1c1283f6930c2ca,0xc219a548bfede9138469ef277730e107a6ed8976,0.4,NULL,0x,0
13,0x32acfe8cf5030a9da1fe81ce18c71517164dc7b35c1ca3536a7289fcb12d52d0,5100906,1518787823,0x9126f81d0f4f46de148d2e3582884144d2a637ea,0xc219a548bfede9138469ef277730e107a6ed8976,0.4,NULL,0x,0
14,0xcafd35d5869978c56685329275d4ecb943d4e51c6c998856d7810e85ee709fb6,5100930,1518788074,0x0aedb0179401477503a3aecd287e50aad98304a9,0xc219a548bfede9138469ef277730e107a6ed8976,0.4,NULL,0x,0
15,0x9051b5bf74bec490e89c89c197b7c5989cb2d9a57ae7280b38d1a82850d5f6b0,5100945,1518788363,0x6b621aa4ea01e5f37d7d01c745506f67a6b1614e,0xc219a548bfede9138469ef277730e107a6ed8976,0.4,NULL,0x,0
16,0x870bc9623ba3c200c72cca6f9407b15ee5dde7aff175ed30fa2916e3ab4d8a31,5100964,1518788516,0x73d4f377c19da41313216285ea5edace4c0b4238,0xc219a548bfede9138469ef277730e107a6ed8976,0.4,NULL,0x,0
17,0xf55d7ef72ee253469e2b33b9825a63cb535d4773437fb3b6520c0286f39722e2,5100984,1518788855,0x894bbd1a0c8d4a2cbbf31b11aa80ce51c6e82080,0xc219a548bfede9138469ef277730e107a6ed8976,0.4,NULL,0x,0
18,0xb5f9b52e5b29863dada3e295e0e796e05d69cbf702e2750315ef9b14ed1083c4,5101014,1518789275,0xbc97ae43c010b673840a30a56cf204e52ec1ebec,0xc219a548bfede9138469ef277730e107a6ed8976,0.4,NULL,0x,0
19,0x7ac22cf4491f3293f4f66109e8b427530e7fec01ec725e6d0fdad591fbb767e3,5101036,1518789584,0x3f5ce5fbfe3e9af3971dd833d26ba9b5c936f0be,0xc219a548bfede9138469ef277730e107a6ed8976,0.4,NULL,0x,0
20,0xc9c6498c259011e5a669501326346155cf20a3490d33d12c6a68f2ca34f55750,5101094,1518790276,0x185e461d7e27d7f046af15b1c23c736e2b6207c4,0xc219a548bfede9138469ef277730e107a6ed8976,0.4,NULL,0x,0
21,0x4a99e835a70a00698542a3c1a533d4d209a0f2c01d8e6f7320be6600e1b11287,5101129,1518790732,0x90b49fa10b9e59cc4b5cf3b24b83094d0f44575d,0xc219a548bfede9138469ef277730e107a6ed8976,0.4,NULL,0x,0
22,0xab5c18f3cf33c954ebb3b7988bbf79a42fe4502b25e4d57df3d01b3b6da69504,5101137,1518790822,0x3f5ce5fbfe3e9af3971dd833d26ba9b5c936f0be,0xc219a548bfede9138469ef277730e107a6ed8976,0.4,NULL,0x,0
23,0x32aed2003bf4c9e773a44fbb80f452c4386780704a1d717aee3e64cb01e7334e,5101152,1518790980,0xab71de74adde12a9888ba760681d4200469cffb2,0xc219a548bfede9138469ef277730e107a6ed8976,0.4,NULL,0x,0
24,0xbb21200ba4385b7035e2f28d2480fa0f0ea0653706de834edb77bec811a08885,5101228,1518792180,0x646961a90e612e64384c11ebd8ecebbf6cbd2994,0xc219a548bfede9138469ef277730e107a6ed8976,0.4,NULL,0x,0
25,0x4b44210b70e79f20a8c3b3c64c4817b052674559fde5b1bad3c1bf1f10b8e5fd,5101319,1518793483,0x485f3889682c0334fe77d100ac11803fb446051e,0xc219a548bfede9138469ef277730e107a6ed8976,0.4,NULL,0x,0
26,0x39b3a0d43781e3b377fb3803906cbdf296e0474042331b9594911bd90cf3511d,5101328,1518793627,0xf07b8f8c1a8795e90d10ec26f7571f66652a5f57,0xc219a548bfede9138469ef277730e107a6ed8976,0.4,NULL,0x,0
27,0x1631286ce7b5dc259d4983694a776725bf9ee5805eb795fa6613271efbdf11f9,5101464,1518795543,0xd8e95ef939ba2e543fb85fd4ef12268e69e29cb4,0xc219a548bfede9138469ef277730e107a6ed8976,0.4180995,NULL,0x,0
28,0x25fb3ff41f6bf2e49838e067f4fa9c2c2ad96d2f9c57af0eaaacbb0818eaa6a0,5101473,1518795705,0x427ae164c5855387eb63c2c64207bb39056cd376,0xc219a548bfede9138469ef277730e107a6ed8976,0.40040738,NULL,0x,0
29,0xf439470240d33d9bb64a161f817de4e320a6d37bf6c1768ba27cfef787e44df9,5101540,1518796745,0x22631039a1bcb8ce743ce91e84ecaa82d652946f,0xc219a548bfede9138469ef277730e107a6ed8976,0.4,NULL,0x,0
30,0x3f9f4061628624a682f3b045f705607e1ed56d757cb35b05ec5b383266e42ad1,5101587,1518797407,0x0b4d8160824df970fa84f3d8c26b8c2897b02115,0xc219a548bfede9138469ef277730e107a6ed8976,0.4,NULL,0x,0
31,0x0944f065f628d8282c1ae163b0444e406442e0bda7802a9c7e7e1364c52b2279,5101712,1518799230,0xa2c79be03c39d5da94390d01c1a318b9dd8821c0,0xc219a548bfede9138469ef277730e107a6ed8976,0.4,NULL,0x,0
32,0xda86f5247a6a7f78db4cb01cc94bba4297acfd99c2b8e60573112671dae30a8d,5101731,1518799619,0xc219a548bfede9138469ef277730e107a6ed8976,0x020b1573f2ca670190d33ca2f0a57b0c0399ad37,0.2,NULL,0x,0
33,0xa3d9fc1407da2e23cea4d86e2a87cad13330cc07fe173bc8cc9568cd2170f30f,5101771,1518800420,0x1ec5592f9a32a5eb9cf248e3433e520643b5513c,0xc219a548bfede9138469ef277730e107a6ed8976,0.4,NULL,0x,0
34,0xf76b4c434e606fc5d127c9c16aca0f99780e1fa50366438494c99e750a535999,5101880,1518801839,0xaf5c1918911fc51ba5f25ccbbc9741059a824625,0xc219a548bfede9138469ef277730e107a6ed8976,0.405,NULL,0x,0
35,0x33157f9c12b94e99feacd2cc2b74b3cc57ac6080a5699945c8ff35709abc119a,5101966,1518803124,0xb5f2a30ac41ed473f52cc137ea3faee0b1b5d42a,0xc219a548bfede9138469ef277730e107a6ed8976,0.4,NULL,0x,0
36,0x8b052d17428829f81aeed10161398145f70955b8a04587804968f1ae45bc11b9,5102178,1518806389,0xf7fc54dea6549e7dc629a663253ed519f07bc607,0xc219a548bfede9138469ef277730e107a6ed8976,0.001,NULL,0x,0
37,0x1a5f503c79f9537a5f13e4cd7b4dc73f12be2705a9795ae92f3b4cd8491eba56,5102346,1518808782,0xc219a548bfede9138469ef277730e107a6ed8976,0x020b1573f2ca670190d33ca2f0a57b0c0399ad37,1.4,NULL,0x,0
38,0x2f6c74572bf69cb02ce5ef944747365d004d16cc6cb1da28929a35c07e7dc5fe,5102486,1518810770,0xc219a548bfede9138469ef277730e107a6ed8976,0x020b1573f2ca670190d33ca2f0a57b0c0399ad37,2.0,NULL,0x,0
39,0x2883db70b19ef760025e5e1efba4bb1ed66873e5dd3e20d51bb20a562e098aec,5102563,1518811883,0xc219a548bfede9138469ef277730e107a6ed8976,0x020b1573f2ca670190d33ca2f0a57b0c0399ad37,2.0,NULL,0x,0
40,0x02999cc733888e3f779ff3900207f76f5addccbdd1bf1aed73e6416516fc6ca8,5102580,1518812127,0xc219a548bfede9138469ef277730e107a6ed8976,0x020b1573f2ca670190d33ca2f0a57b0c0399ad37,2.0,NULL,0x,0
41,0x1451e3b9624d637d74913f6c4af8eb9660cd9bbd6c8deb995c251be0a85b387f,5102612,1518812652,0xc219a548bfede9138469ef277730e107a6ed8976,0x020b1573f2ca670190d33ca2f0a57b0c0399ad37,2.0,NULL,0x,0
42,0x4c337b092d8e571007a2c64980b76a40269111661fd0d95624f1387a150af5e3,5102629,1518812941,0xc219a548bfede9138469ef277730e107a6ed8976,0x020b1573f2ca670190d33ca2f0a57b0c0399ad37,2.0,NULL,0x,0
43,0xf479aea5d0768beb4a1a5d284d70f924bd235c42aeba4f0c87c969d9bd21515e,5102675,1518813605,0xc219a548bfede9138469ef277730e107a6ed8976,0x020b1573f2ca670190d33ca2f0a57b0c0399ad37,2.18932008,NULL,0x,0
44,0x63a165ef8d66dc4c00a20f6303abd6a681e642284261213781ee30b9cc55fd38,5104981,1518846833,0xa817872bb9ff251f504009c582cf50686e45a12e,0xc219a548bfede9138469ef277730e107a6ed8976,0.40021135,NULL,0x,0
45,0xbbccd98bf458d59313dae81b97aa58f868a9f08cfdff9e98047c0140b3f18230,5116084,1519006877,0xc219a548bfede9138469ef277730e107a6ed8976,0x020b1573f2ca670190d33ca2f0a57b0c0399ad37,0.39972835,NULL,0x,0
