,TxHash,BlockHeight,TimeStamp,From,To,Value,ContractAddress,Input,isError
0,0x2823b546ec73261c5f2f2ea46c84d21e04fd0e89df49af2257f4fca31dda18af,4310201,1506337300,0xf8cc65e2426b6c8559525ba368e9b5484bd53d99,0x83d0e4b06f37f8eddc2e52f8836c09f1f54135f1,0.1,NULL,0x,0
1,0x29ce27b83725b6fc544a48b34a1a89d44b6b78607bfc54a0022236cd79385cb0,4310212,1506337559,0x83d0e4b06f37f8eddc2e52f8836c09f1f54135f1,0xf8cc65e2426b6c8559525ba368e9b5484bd53d99,0.099,NULL,0x,0
2,0x723aea15797367c4d7f71396aacaec19b691c98101f294f2c78678b1c9ec69c5,4310232,1506338185,0xf8cc65e2426b6c8559525ba368e9b5484bd53d99,0x83d0e4b06f37f8eddc2e52f8836c09f1f54135f1,0.997467689,NULL,0x,0
3,0x92580b61f9471b5f87b5eea8729064c4060e742da0ab26b1138a1ca4cc1b294d,4321377,1506673677,0xf8cc65e2426b6c8559525ba368e9b5484bd53d99,0x83d0e4b06f37f8eddc2e52f8836c09f1f54135f1,5.2611984,NULL,0x,0
5,0x5f7310cfe9a101de2b93ae16ed2907a6708949137982147709d1eff3643c5222,4752211,1513569498,0x96fe9af60f70d1a696759161b85f0482ae72eddb,0x83d0e4b06f37f8eddc2e52f8836c09f1f54135f1,9.97120834,NULL,0x,0
6,0x0d0fc7d3640aadc8e45f66223c5556517a4ee66ace3213cdd24a4fe0a36947b7,4763561,1513743376,0xa046e6f58a8a017d7cf7e823a0b5a2ea6987ae08,0x83d0e4b06f37f8eddc2e52f8836c09f1f54135f1,1.0,NULL,0x,0
7,0x1a9bfd0f222b97450dc7a80d78077486e0d97fad5c702acf5d8d1de327198c82,4766142,1513782724,0x08c32028772e7cb65035a83a27bf9c91415d59ef,0x83d0e4b06f37f8eddc2e52f8836c09f1f54135f1,999.00854524,NULL,0x,0
8,0xa60daae34b9284e2ea6e78848b2025f99213e76f6afecd822940cdbc60b8bd40,4809985,1514428622,0x83d0e4b06f37f8eddc2e52f8836c09f1f54135f1,0xb547cc51ce58293e6945ba08d664ce051563d9ac,2.0,NULL,0x,0
9,0xd91b890c28ee7047e270298372ff39cbe401286e4589147335ab8672ce39a038,4810179,1514431347,0x590cf9eb89d6784a9b0d42fa33fc70d31551a51f,0x83d0e4b06f37f8eddc2e52f8836c09f1f54135f1,1.12799218,NULL,0x,0
10,0x2585ab32be95b0a6d5ed8d2046fa195151cf6f917862c6533d92f1bdcf723355,4872513,1515383483,0x83d0e4b06f37f8eddc2e52f8836c09f1f54135f1,0xb118e2aa15a8f05ba9d701d04b779a2c25d8f05f,0.2,NULL,0x,0
11,0xd179e226e04e8056a7acaa67ec3fa485ac2aacf132c83206124d7e07b989e61b,4873436,1515398389,0x83d0e4b06f37f8eddc2e52f8836c09f1f54135f1,0xb118e2aa15a8f05ba9d701d04b779a2c25d8f05f,90.0,NULL,0x,0
12,0x0fac6fe727a8e338d36204bc47d4f2b111cc38a638fcdda98a9dfdcd13f69a3d,4883907,1515566286,0x83d0e4b06f37f8eddc2e52f8836c09f1f54135f1,0xb118e2aa15a8f05ba9d701d04b779a2c25d8f05f,0.9,NULL,0x,0
13,0xf628d84ef0bf7a6f8255aeaacdf99364a66a12979e54f2c8d58fda70576af52b,4883933,1515566649,0x83d0e4b06f37f8eddc2e52f8836c09f1f54135f1,0xb118e2aa15a8f05ba9d701d04b779a2c25d8f05f,666.1,NULL,0x,0
14,0xe4fd39d28d628a3f261f5555d74f6dcd21a2b465b6b1e109d77ca37160fa8e37,4921014,1516152867,0x83d0e4b06f37f8eddc2e52f8836c09f1f54135f1,0xf9b4b193078e444e6e0454f3999df06480aa886f,8.0,NULL,0x,0
15,0x57e94eebcaaeafcf9ea1b59fe356bd653b2f5e928eedd67f1f7a1cc4de3d85db,4921180,1516155700,0x564286362092d8e7936f0549571a803b203aaced,0x83d0e4b06f37f8eddc2e52f8836c09f1f54135f1,2.06602735,NULL,0x,0
16,0x1f3ecacc3809fdcfae2417ea65ff0abc07e32db616636449f9df2dbb4f73f654,4924582,1516207755,0xed8cab7b71f29ca0c99e84436fc3bd9427164c38,0x83d0e4b06f37f8eddc2e52f8836c09f1f54135f1,299.698929,NULL,0x,0
17,0x2869327b54389c23e70c9e2c6b34e93ff138c8ad6e4ecf3c61d0471e44540c0e,5017137,1517572850,0x83d0e4b06f37f8eddc2e52f8836c09f1f54135f1,0xb4b67fba9949105b89dd5785c6d99e452ac2888e,1.9,NULL,0x,0
18,0xeb2ce4b4f347cad1805d1d1512172b2f57f63e30a6d7485406100031f0a0351d,5461287,1524034989,0x1d6159fd8454fd159da1797e6ccefd5b06f16aee,0x83d0e4b06f37f8eddc2e52f8836c09f1f54135f1,25.33618815,NULL,0x,0
19,0xf48f8d7065e2b31a935592199d1a45337390d92275296de6ee5634ee5fcc8dfc,5483941,1524371785,0x860ca90f4eab837d230bc90ce0eeffbdd028f0eb,0x83d0e4b06f37f8eddc2e52f8836c09f1f54135f1,184.93886164,NULL,0x,0
20,0x18ab6b8d7b113f0bc592a57e9e01997b2a92e7ed8a74d007fd8ed65e21d7c5c0,5513697,1524815624,0x733620eee0ff9e2f57a72829d2160b2f7aea70a6,0x83d0e4b06f37f8eddc2e52f8836c09f1f54135f1,1.70255757,NULL,0x,0
21,0x144872e2cf0cdec576ada72253d9f2dddfa1b0f4e6e8c2473c53b70afd016952,5515030,1524835548,0x32be343b94f860124dc4fee278fdcbd38c102d88,0x83d0e4b06f37f8eddc2e52f8836c09f1f54135f1,1.15611626,NULL,0x,0
22,0x6f6251d0e36f142e588e570e9cf5bf367740d1f6251187e7f9c503ec470e3b4c,6279907,1536203301,0x323632d993fe227753ab7cc9c14834f60e043abf,0x83d0e4b06f37f8eddc2e52f8836c09f1f54135f1,12.87569064,NULL,0x,0
23,0xd39f3d583cf054c889b64438d2ccaf8cd069ff966f8b3f70f2a69ded2296ea18,6286256,1536294856,0x323632d993fe227753ab7cc9c14834f60e043abf,0x83d0e4b06f37f8eddc2e52f8836c09f1f54135f1,13.06756103,NULL,0x,0
24,0x43b3a4da79a2a83b57258545d55b9a54c98733abead0080c8917840994a932d9,6303490,1536545985,0x323632d993fe227753ab7cc9c14834f60e043abf,0x83d0e4b06f37f8eddc2e52f8836c09f1f54135f1,15.31514526,NULL,0x,0
25,0xabf5e2cfbe630804d321bba5e51e103b3e9ff42bcf9dfcedaeb5f0663019d3d0,6303568,1536547042,0x2e2d9d7b0a7de47698de98499ccc19a8c4b803bf,0x83d0e4b06f37f8eddc2e52f8836c09f1f54135f1,5.95097866,NULL,0x,0
26,0x0434ec722636a83754a3270d99d507d8e7d5a371b29771c0d8f980443c2a684d,6327817,1536894677,0xb275483694d627242e77b95630168da4aec5da83,0x83d0e4b06f37f8eddc2e52f8836c09f1f54135f1,457.2,NULL,0x,0
27,0x847355b4ec602971f82a09a946fec963c654ee2ece9a1888fc644aaa2630f95e,6328899,1536910033,0xe3f2ccbcf706423633ca0a11dbdd425303aca129,0x83d0e4b06f37f8eddc2e52f8836c09f1f54135f1,4.18304072,NULL,0x,0
28,0x8f42a448f4d388e06311ed9480a3a856d1d5c06394c8021e70b884144910551a,7597620,1555669749,0xb275483694d627242e77b95630168da4aec5da83,0x83d0e4b06f37f8eddc2e52f8836c09f1f54135f1,696.9315270999999,NULL,0x,0
30,0x79177df0101132b05e32830e6425f095eade6092912e0e8244a3c57845f77c72,8105307,1562517660,0x564286362092d8e7936f0549571a803b203aaced,0x83d0e4b06f37f8eddc2e52f8836c09f1f54135f1,30.57987731,NULL,0x,0
31,0x873066c823cf83b6d82303387a3ae4e9cf9941c5f0e22c1642684bb964097cdb,8559303,1568620571,0x7f4a2d0242d221fc344a096dca452529c01ac27b,0x83d0e4b06f37f8eddc2e52f8836c09f1f54135f1,17.59079709,NULL,0x,0
